instance_id,event_id,event_date,status
1,3,2026-04-15,Scheduled
2,4,2026-04-15,Scheduled
3,5,2026-04-24,Scheduled
4,6,2026-05-09,Scheduled
5,7,2026-04-30,Scheduled
6,1,2026-04-27,Scheduled
7,2,2026-04-27,Scheduled
10,8,2026-05-01,Scheduled
20,9,2026-05-02,Scheduled
23,1,2026-05-04,Scheduled
24,2,2026-05-04,Scheduled
26,10,2026-05-07,Scheduled
27,11,2026-05-08,Scheduled
30,12,2026-05-08,Scheduled
34,13,2026-05-08,Scheduled
36,1,2026-05-11,Scheduled
37,2,2026-05-11,Scheduled
40,1,2026-05-18,Scheduled
41,2,2026-05-18,Scheduled
124,14,2026-05-16,Scheduled
130,15,2026-05-16,Scheduled
141,1,2026-05-25,Scheduled
142,2,2026-05-25,Scheduled
189,16,2026-05-21,Scheduled
