attendance_id,instance_id,user_id,event_date,status,first_in,last_out,remarks
1,1,5,2026-04-15,Present,2026-04-15 21:10:55,,
2,1,24,2026-04-15,Absent,,,
4,2,4,2026-04-15,Absent,,,
5,2,5,2026-04-15,Present,2026-04-15 21:33:04,2026-04-15 21:35:06,
6,2,23,2026-04-15,Absent,,,
7,2,24,2026-04-15,Absent,,,
8,2,25,2026-04-15,Absent,,,
9,2,26,2026-04-15,Absent,,,
10,2,27,2026-04-15,Absent,,,
11,3,4,2026-04-24,Absent,,,
12,3,5,2026-04-24,Absent,,,
13,3,23,2026-04-24,Absent,,,
14,3,24,2026-04-24,Absent,,,
15,3,25,2026-04-24,Absent,,,
16,3,26,2026-04-24,Absent,,,
17,3,27,2026-04-24,Absent,,,
18,4,4,2026-05-09,Absent,,,
19,4,5,2026-05-09,Absent,,,
20,4,23,2026-05-09,Absent,,,
21,4,24,2026-05-09,Absent,,,
22,4,25,2026-05-09,Absent,,,
23,4,26,2026-05-09,Absent,,,
24,4,27,2026-05-09,Absent,,,
25,5,4,2026-04-30,Absent,,,
26,5,5,2026-04-30,Absent,,,
27,5,23,2026-04-30,Absent,,,
28,5,24,2026-04-30,Absent,,,
29,5,25,2026-04-30,Absent,,,
30,5,26,2026-04-30,Absent,,,
31,5,27,2026-04-30,Absent,,,
32,6,4,2026-04-27,Absent,,,
33,6,5,2026-04-27,Absent,,,
34,6,23,2026-04-27,Absent,,,
35,6,24,2026-04-27,Absent,,,
36,6,25,2026-04-27,Absent,,,
37,6,26,2026-04-27,Absent,,,
38,6,27,2026-04-27,Absent,,,
39,7,4,2026-04-27,Absent,,,
40,7,5,2026-04-27,Absent,,,
41,7,23,2026-04-27,Absent,,,
42,7,24,2026-04-27,Absent,,,
43,7,25,2026-04-27,Absent,,,
44,7,26,2026-04-27,Absent,,,
45,7,27,2026-04-27,Absent,,,
48,10,5,2026-05-01,Absent,,,
49,10,23,2026-05-01,Absent,,,
50,10,24,2026-05-01,Absent,,,
51,10,25,2026-05-01,Absent,,,
52,10,26,2026-05-01,Absent,,,
53,10,27,2026-05-01,Absent,,,
54,10,29,2026-05-01,Late,2026-05-01 23:22:25,,
55,10,30,2026-05-01,Absent,,,
56,10,31,2026-05-01,Absent,,,
57,10,32,2026-05-01,Absent,,,
58,10,33,2026-05-01,Absent,,,
59,10,34,2026-05-01,Absent,,,
60,10,35,2026-05-01,Absent,,,
61,10,38,2026-05-01,Present,2026-05-01 23:01:33,2026-05-01 23:01:47,
62,10,44,2026-05-01,Present,2026-05-01 23:00:33,2026-05-01 23:02:02,
63,10,45,2026-05-01,Present,2026-05-01 23:00:26,,
64,10,46,2026-05-01,Absent,,,
65,10,49,2026-05-01,Absent,,,
66,10,50,2026-05-01,Absent,,,
67,10,51,2026-05-01,Absent,,,
88,20,5,2026-05-02,Absent,,,
89,20,23,2026-05-02,Absent,,,
90,20,24,2026-05-02,Absent,,,
91,20,25,2026-05-02,Absent,,,
92,20,26,2026-05-02,Absent,,,
93,20,27,2026-05-02,Absent,,,
94,20,29,2026-05-02,Present,2026-05-02 16:15:35,2026-05-02 16:15:42,
95,20,30,2026-05-02,Absent,,,
96,20,31,2026-05-02,Absent,,,
97,20,32,2026-05-02,Absent,,,
98,20,33,2026-05-02,Absent,,,
99,20,34,2026-05-02,Absent,,,
100,20,35,2026-05-02,Absent,,,
101,20,38,2026-05-02,Absent,,,
102,20,44,2026-05-02,Absent,,,
103,20,45,2026-05-02,Absent,,,
104,20,46,2026-05-02,Absent,,,
105,20,49,2026-05-02,Absent,,,
106,20,50,2026-05-02,Absent,,,
107,20,51,2026-05-02,Absent,,,
121,23,4,2026-05-04,Absent,,,
122,23,5,2026-05-04,Absent,,,
123,23,23,2026-05-04,Absent,,,
124,23,24,2026-05-04,Absent,,,
125,23,25,2026-05-04,Absent,,,
126,23,26,2026-05-04,Absent,,,
127,23,27,2026-05-04,Absent,,,
128,24,4,2026-05-04,Absent,,,
129,24,5,2026-05-04,Absent,,,
130,24,23,2026-05-04,Absent,,,
131,24,24,2026-05-04,Absent,,,
132,24,25,2026-05-04,Absent,,,
133,24,26,2026-05-04,Absent,,,
134,24,27,2026-05-04,Absent,,,
136,26,5,2026-05-07,Absent,,,
137,26,23,2026-05-07,Absent,,,
138,26,24,2026-05-07,Absent,,,
139,26,25,2026-05-07,Absent,,,
140,26,26,2026-05-07,Absent,,,
141,26,27,2026-05-07,Absent,,,
142,26,29,2026-05-07,Absent,,,
143,26,30,2026-05-07,Absent,,,
144,26,31,2026-05-07,Absent,,,
145,26,32,2026-05-07,Absent,,,
146,26,33,2026-05-07,Absent,,,
147,26,34,2026-05-07,Absent,,,
148,26,35,2026-05-07,Absent,,,
149,26,38,2026-05-07,Absent,,,
150,26,44,2026-05-07,Absent,,,
151,26,45,2026-05-07,Absent,,,
152,26,46,2026-05-07,Absent,,,
153,26,49,2026-05-07,Absent,,,
154,26,50,2026-05-07,Absent,,,
155,26,51,2026-05-07,Absent,,,
156,27,5,2026-05-08,Absent,,,
157,27,23,2026-05-08,Present,2026-05-08 12:31:08,2026-05-08 12:31:16,
158,27,24,2026-05-08,Absent,,,
159,27,25,2026-05-08,Absent,,,
160,27,26,2026-05-08,Absent,,,
161,27,27,2026-05-08,Absent,,,
162,27,29,2026-05-08,Absent,,,
163,27,30,2026-05-08,Absent,,,
164,27,31,2026-05-08,Absent,,,
165,27,32,2026-05-08,Absent,,,
166,27,33,2026-05-08,Absent,,,
167,27,34,2026-05-08,Absent,,,
168,27,35,2026-05-08,Absent,,,
169,27,38,2026-05-08,Absent,,,
170,27,44,2026-05-08,Absent,,,
171,27,45,2026-05-08,Absent,,,
172,27,46,2026-05-08,Absent,,,
173,27,49,2026-05-08,Absent,,,
174,27,50,2026-05-08,Absent,,,
175,27,51,2026-05-08,Absent,,,
189,30,5,2026-05-08,Absent,,,
190,30,23,2026-05-08,Absent,,,
191,30,24,2026-05-08,Present,2026-05-08 12:37:01,,
192,30,25,2026-05-08,Absent,,,
193,30,26,2026-05-08,Present,2026-05-08 12:38:36,,
194,30,27,2026-05-08,Present,2026-05-08 12:48:52,,
195,30,29,2026-05-08,Absent,,,
196,30,30,2026-05-08,Absent,,,
197,30,31,2026-05-08,Absent,,,
198,30,32,2026-05-08,Absent,,,
199,30,33,2026-05-08,Absent,,,
200,30,34,2026-05-08,Absent,,,
201,30,35,2026-05-08,Absent,,,
202,30,38,2026-05-08,Absent,,,
203,30,44,2026-05-08,Absent,,,
204,30,45,2026-05-08,Absent,,,
205,30,46,2026-05-08,Absent,,,
206,30,49,2026-05-08,Absent,,,
207,30,50,2026-05-08,Absent,,,
208,30,51,2026-05-08,Absent,,,
223,34,5,2026-05-08,Absent,,,
224,34,23,2026-05-08,Present,2026-05-08 13:36:17,,
225,34,24,2026-05-08,Absent,,,
226,34,25,2026-05-08,Absent,,,
227,34,26,2026-05-08,Absent,,,
228,34,27,2026-05-08,Absent,,,
229,34,29,2026-05-08,Absent,,,
230,34,30,2026-05-08,Absent,,,
231,34,31,2026-05-08,Absent,,,
232,34,32,2026-05-08,Absent,,,
233,34,33,2026-05-08,Absent,,,
234,34,34,2026-05-08,Absent,,,
235,34,35,2026-05-08,Absent,,,
236,34,38,2026-05-08,Absent,,,
237,34,44,2026-05-08,Absent,,,
238,34,45,2026-05-08,Absent,,,
239,34,46,2026-05-08,Absent,,,
240,34,49,2026-05-08,Absent,,,
241,34,50,2026-05-08,Absent,,,
242,34,51,2026-05-08,Absent,,,
255,36,4,2026-05-11,Absent,,,
256,36,5,2026-05-11,Absent,,,
257,36,23,2026-05-11,Absent,,,
258,36,24,2026-05-11,Absent,,,
259,36,25,2026-05-11,Absent,,,
260,36,26,2026-05-11,Absent,,,
261,36,27,2026-05-11,Absent,,,
262,37,4,2026-05-11,Absent,,,
263,37,5,2026-05-11,Absent,,,
264,37,23,2026-05-11,Absent,,,
265,37,24,2026-05-11,Absent,,,
266,37,25,2026-05-11,Absent,,,
267,37,26,2026-05-11,Absent,,,
268,37,27,2026-05-11,Absent,,,
271,40,4,2026-05-18,Absent,,,
272,40,5,2026-05-18,Absent,,,
273,40,23,2026-05-18,Absent,,,
274,40,24,2026-05-18,Absent,,,
275,40,25,2026-05-18,Absent,,,
276,40,26,2026-05-18,Absent,,,
277,40,27,2026-05-18,Absent,,,
278,41,4,2026-05-18,Absent,,,
279,41,5,2026-05-18,Absent,,,
280,41,23,2026-05-18,Absent,,,
281,41,24,2026-05-18,Absent,,,
282,41,25,2026-05-18,Absent,,,
283,41,26,2026-05-18,Absent,,,
284,41,27,2026-05-18,Absent,,,
367,124,5,2026-05-16,Absent,,,
368,124,23,2026-05-16,Absent,,,
369,124,24,2026-05-16,Absent,,,
370,124,25,2026-05-16,Absent,,,
371,124,26,2026-05-16,Absent,,,
372,124,27,2026-05-16,Absent,,,
373,124,29,2026-05-16,Absent,,,
374,124,30,2026-05-16,Absent,,,
375,124,31,2026-05-16,Absent,,,
376,124,32,2026-05-16,Absent,,,
377,124,33,2026-05-16,Absent,,,
378,124,34,2026-05-16,Absent,,,
379,124,35,2026-05-16,Absent,,,
380,124,38,2026-05-16,Absent,,,
381,124,44,2026-05-16,Absent,,,
382,124,45,2026-05-16,Absent,,,
383,124,46,2026-05-16,Absent,,,
384,124,49,2026-05-16,Absent,,,
385,124,50,2026-05-16,Absent,,,
386,124,51,2026-05-16,Absent,,,
392,130,5,2026-05-16,Absent,,,
393,130,23,2026-05-16,Absent,,,
394,130,24,2026-05-16,Absent,,,
395,130,25,2026-05-16,Absent,,,
396,130,26,2026-05-16,Absent,,,
397,130,27,2026-05-16,Absent,,,
398,130,29,2026-05-16,Present,2026-05-16 21:34:56,,
399,130,30,2026-05-16,Absent,,,
400,130,31,2026-05-16,Absent,,,
401,130,32,2026-05-16,Absent,,,
402,130,33,2026-05-16,Absent,,,
403,130,34,2026-05-16,Absent,,,
404,130,35,2026-05-16,Absent,,,
405,130,38,2026-05-16,Absent,,,
406,130,44,2026-05-16,Absent,,,
407,130,45,2026-05-16,Absent,,,
408,130,46,2026-05-16,Absent,,,
409,130,49,2026-05-16,Absent,,,
410,130,50,2026-05-16,Absent,,,
411,130,51,2026-05-16,Absent,,,
433,141,4,2026-05-25,Absent,,,
434,141,5,2026-05-25,Absent,,,
435,141,23,2026-05-25,Absent,,,
436,141,24,2026-05-25,Absent,,,
437,141,25,2026-05-25,Absent,,,
438,141,26,2026-05-25,Absent,,,
439,141,27,2026-05-25,Absent,,,
440,142,4,2026-05-25,Absent,,,
441,142,5,2026-05-25,Absent,,,
442,142,23,2026-05-25,Absent,,,
443,142,24,2026-05-25,Absent,,,
444,142,25,2026-05-25,Absent,,,
445,142,26,2026-05-25,Absent,,,
446,142,27,2026-05-25,Absent,,,
493,189,1,2026-05-21,Absent,,,
494,189,5,2026-05-21,Absent,,,
495,189,23,2026-05-21,Absent,,,
496,189,24,2026-05-21,Absent,,,
497,189,25,2026-05-21,Absent,,,
498,189,26,2026-05-21,Absent,,,
499,189,27,2026-05-21,Absent,,,
500,189,29,2026-05-21,Absent,,,
501,189,30,2026-05-21,Present,2026-05-21 12:54:58,,
502,189,31,2026-05-21,Absent,,,
503,189,32,2026-05-21,Absent,,,
504,189,33,2026-05-21,Absent,,,
505,189,34,2026-05-21,Absent,,,
506,189,35,2026-05-21,Absent,,,
507,189,38,2026-05-21,Absent,,,
508,189,44,2026-05-21,Absent,,,
509,189,45,2026-05-21,Absent,,,
510,189,46,2026-05-21,Absent,,,
511,189,47,2026-05-21,Absent,,,
512,189,49,2026-05-21,Absent,,,
513,189,50,2026-05-21,Absent,,,
514,189,51,2026-05-21,Absent,,,
515,189,108,2026-05-21,Absent,,,
516,189,111,2026-05-21,Absent,,,
